week,sellout,discount_pct,promo,ad_spend,holiday,temp,stockout_days
2024-10-07,966.0,0,0,20.7,0,4.0,0
2024-10-14,982.0,0,0,0.0,0,1.3,0
2024-10-21,989.0,0,0,14.9,0,4.8,0
2024-10-28,1424.0,10,1,24.8,0,7.0,0
2024-11-04,1002.0,0,0,26.8,0,-0.1,0
2024-11-11,1157.0,0,0,9.5,0,0.6,0
2024-11-18,1235.0,10,0,0.0,0,1.2,0
2024-11-25,1321.0,0,1,7.8,0,0.2,1
2024-12-02,1225.0,0,0,29.5,0,4.0,0
2024-12-09,1139.0,0,0,0.0,0,1.3,0
2024-12-16,1040.0,0,0,0.0,0,1.9,0
2024-12-23,1518.0,15,0,29.2,1,5.7,0
2024-12-30,1525.0,15,0,10.2,1,3.1,0
2025-01-06,1129.0,0,0,0.0,0,6.8,0
2025-01-13,1208.0,0,0,17.4,0,4.3,0
2025-01-20,1094.0,0,0,0.0,0,4.7,0
2025-01-27,1392.0,0,0,6.0,1,4.3,0
2025-02-03,1227.0,0,0,0.0,1,14.8,0
2025-02-10,1395.0,0,1,0.0,0,10.6,0
2025-02-17,896.0,0,0,0.0,0,13.3,2
2025-02-24,1201.0,10,0,0.0,0,13.9,0
2025-03-03,1238.0,5,0,16.6,0,15.7,0
2025-03-10,1173.0,0,0,27.0,0,16.8,0
2025-03-17,1643.0,20,1,0.0,0,22.7,0
2025-03-24,1271.0,15,0,0.0,0,16.5,0
2025-03-31,1180.0,0,0,24.0,0,16.4,0
2025-04-07,1161.0,0,0,22.7,0,18.8,1
2025-04-14,1224.0,0,0,0.0,0,18.9,0
2025-04-21,1120.0,0,0,0.0,0,24.9,0
2025-04-28,1310.0,0,1,0.0,0,25.8,0
2025-05-05,1307.0,0,1,12.5,0,21.9,0
2025-05-12,1680.0,20,1,9.2,0,21.2,0
2025-05-19,1295.0,20,0,0.0,0,24.0,0
2025-05-26,1198.0,5,0,0.0,1,28.5,0
2025-06-02,965.0,0,0,0.0,0,17.9,0
2025-06-09,1112.0,15,0,0.0,0,26.0,0
2025-06-16,1139.0,0,1,0.0,0,21.6,0
2025-06-23,936.0,20,0,0.0,0,26.3,2
2025-06-30,1260.0,0,1,0.0,1,20.4,0
2025-07-07,1351.0,15,0,17.9,1,21.5,0
2025-07-14,1396.0,5,1,0.0,0,17.5,0
2025-07-21,1005.0,0,0,29.1,0,17.8,0
2025-07-28,931.0,0,0,0.0,0,22.6,0
2025-08-04,947.0,0,0,0.0,0,20.0,0
2025-08-11,950.0,0,0,0.0,0,15.6,0
2025-08-18,956.0,0,0,25.0,0,13.2,0
2025-08-25,1311.0,20,0,22.6,0,9.3,0
2025-09-01,1072.0,0,0,21.1,0,11.7,0
2025-09-08,1057.0,0,0,28.8,0,11.3,0
2025-09-15,1292.0,0,1,0.0,0,9.9,0
2025-09-22,1080.0,0,0,0.0,0,8.7,0
2025-09-29,1046.0,0,0,22.3,0,4.9,0
2025-10-06,810.0,10,0,0.0,0,6.5,4
2025-10-13,1270.0,0,1,0.0,0,5.7,0
2025-10-20,1150.0,0,0,21.7,0,8.2,0
2025-10-27,1185.0,15,0,0.0,0,8.9,0
2025-11-03,1311.0,0,1,0.0,0,3.4,0
2025-11-10,1145.0,0,0,24.2,0,1.4,0
2025-11-17,1192.0,0,0,6.6,0,2.9,0
2025-11-24,1185.0,0,0,0.0,0,1.5,0
2025-12-01,1211.0,0,0,0.0,0,1.2,0
2025-12-08,1157.0,0,0,29.0,0,3.2,0
2025-12-15,1520.0,0,1,0.0,0,1.1,0
2025-12-22,1491.0,10,0,0.0,1,5.8,0
2025-12-29,1330.0,0,0,0.0,1,4.7,0
2026-01-05,1553.0,20,0,18.1,0,6.4,0
2026-01-12,1243.0,0,0,23.3,0,6.2,0
2026-01-19,1385.0,15,0,0.0,0,5.9,0
2026-01-26,1460.0,0,0,19.1,1,6.5,0
2026-02-02,1878.0,15,1,19.0,1,9.5,0
2026-02-09,1240.0,0,0,0.0,0,10.0,0
2026-02-16,1076.0,0,0,6.0,0,13.3,2
2026-02-23,1235.0,0,0,0.0,0,14.0,0
2026-03-02,1359.0,0,0,20.8,0,11.9,0
2026-03-09,1430.0,15,0,0.0,0,16.8,0
2026-03-16,1176.0,0,0,6.9,0,14.5,0
2026-03-23,1161.0,0,0,0.0,0,17.6,0
2026-03-30,1169.0,0,0,10.6,0,19.5,0
2026-04-06,1401.0,0,1,0.0,0,16.1,0
2026-04-13,1772.0,20,1,27.0,0,22.5,0
2026-04-20,1301.0,10,0,9.9,0,23.4,0
2026-04-27,1098.0,0,0,16.4,0,23.3,0
2026-05-04,893.0,0,0,0.0,0,23.2,3
2026-05-11,1379.0,20,0,0.0,0,23.7,0
2026-05-18,1162.0,0,0,18.8,0,22.5,0
2026-05-25,1278.0,0,0,0.0,1,24.3,0
2026-06-01,895.0,0,0,0.0,0,23.5,2
2026-06-08,1012.0,0,0,0.0,0,24.9,0
2026-06-15,1425.0,0,1,25.5,0,21.3,0
2026-06-22,1320.0,15,0,22.0,0,24.3,0
2026-06-29,1756.0,15,1,21.0,1,23.4,0
2026-07-06,1280.0,0,0,15.2,1,21.9,0
2026-07-13,1019.0,0,0,19.0,0,20.2,0
2026-07-20,1030.0,0,0,0.0,0,21.6,0
2026-07-27,798.0,0,0,23.6,0,15.0,3
2026-08-03,1071.0,0,0,14.5,0,19.1,0
2026-08-10,1187.0,15,0,0.0,0,17.2,0
2026-08-17,1088.0,0,0,0.0,0,16.0,0
2026-08-24,1207.0,10,0,17.6,0,15.0,0
2026-08-31,1118.0,15,0,0.0,0,11.0,1
2026-09-07,1290.0,0,1,25.7,0,10.7,0
2026-09-14,1062.0,0,0,0.0,0,11.7,0
2026-09-21,1121.0,0,0,26.1,0,10.0,0
2026-09-28,700.0,0,0,0.0,0,8.3,4
